﻿<?xml version="1.0" encoding="utf-8"?>
<ModMetaData>
  <name>HD Terrain Texture Pack (patched)</name>
  <author>shakeyourbunny</author>
  <supportedVersions>
    <li>1.3</li>
    <li>1.2</li>
    <li>1.1</li>
    <li>1.0</li>
  </supportedVersions>
  <packageId>shakeyourbunny.hdhterrainhtexturehpack</packageId>
  <description>Changes most of the games terrain to HD realistic textures. 
  The textures are much more detailed but *technically* lower-res than before so 
  you should notice a substantial increase in your FPS; nearly doubling it especially 
  with larger colonies.

  original mod by delsin53752 (https://steamcommunity.com/sharedfiles/filedetails/?id=1292715618)

  updated for 1.3
  </description>
</ModMetaData>